1,0,264,7168,264,896
1,0,1536,1536,768,1536
1,0,2048,512,256,512
1,0,7168,1024,448,1024
1,0,2304,7168,2304,1792
1,0,7168,1152,1792,1152
1,0,256,7168,256,1792
1,0,7168,128,448,128
1,0,4096,7168,512,1792
1,0,7168,2048,224,2048
1,1,256,7168,128,448
1,1,8080,7168,2020,896
1,1,16160,7168,4040,896
1,1,448,14336,224,896
1,1,896,14336,448,896
0,0,264,7168,132,448
0,0,3072,1536,96,1536
0,0,4608,7168,576,1792
0,0,7168,2304,224,2304
0,0,512,7168,128,896
0,0,7168,256,224,256
0,0,4096,7168,512,1792
0,0,7168,2048,224,2048
0,0,1536,1536,48,1536
0,0,7168,1024,224,1024
0,0,256,7168,128,448
0,0,7168,128,224,128
0,0,2304,7168,288,1792
0,0,7168,1152,224,1152
0,1,256,7168,256,224
0,1,8080,7168,2020,896
0,1,16160,7168,4040,896
0,1,448,14336,448,448
0,1,896,14336,448,896
1,0,328,6144,164,384
1,0,2048,2048,64,2048
1,0,6144,2048,192,2048
1,0,4096,2048,128,2048
1,0,3072,6144,384,1536
1,0,6144,1536,192,1536
1,0,512,6144,64,1536
1,0,6144,256,192,256
1,0,4096,6144,512,1536
1,1,19360,6144,2420,1536
1,1,3584,512,112,512
1,1,128,6144,32,768
1,1,32,6144,32,192
1,1,256,6144,32,1536
1,1,768,12288,192,1536
0,0,328,6144,164,384
0,0,2048,2048,64,2048
0,0,6144,2048,192,2048
0,0,4096,2048,128,2048
0,0,3072,6144,384,1536
0,0,6144,1536,192,1536
0,0,512,6144,64,1536
0,0,6144,256,192,256
0,0,4096,6144,512,1536
0,1,19360,6144,2420,1536
0,1,3584,512,112,512
0,1,128,6144,32,768
0,1,32,6144,32,192
0,1,256,6144,32,1536
0,1,768,12288,192,1536
